[
{
  "model": "dashboards.college",
  "pk": 1,
  "fields": {
    "created_at": "2025-03-06T02:32:06.043Z",
    "updated_at": "2025-03-06T02:32:06.043Z",
    "college_name": "College of Sciences"
  }
},
{
  "model": "dashboards.college",
  "pk": 2,
  "fields": {
    "created_at": "2025-03-06T02:32:08.202Z",
    "updated_at": "2025-03-06T02:32:08.202Z",
    "college_name": "College of Arts and Humanities"
  }
},
{
  "model": "dashboards.college",
  "pk": 3,
  "fields": {
    "created_at": "2025-03-06T02:32:10.333Z",
    "updated_at": "2025-03-06T02:32:10.333Z",
    "college_name": "College of Business and Accountancy"
  }
},
{
  "model": "dashboards.college",
  "pk": 4,
  "fields": {
    "created_at": "2025-03-06T02:32:12.526Z",
    "updated_at": "2025-03-06T02:32:12.526Z",
    "college_name": "College of Criminal Justice Education"
  }
},
{
  "model": "dashboards.college",
  "pk": 6,
  "fields": {
    "created_at": "2025-03-06T02:32:17.015Z",
    "updated_at": "2025-03-06T02:32:17.015Z",
    "college_name": "College of Engineering Architecture and Technology"
  }
},
{
  "model": "dashboards.college",
  "pk": 7,
  "fields": {
    "created_at": "2025-03-06T02:32:19.411Z",
    "updated_at": "2025-03-06T02:32:19.411Z",
    "college_name": "College of Hospitality Management and Tourism"
  }
},
{
  "model": "dashboards.college",
  "pk": 8,
  "fields": {
    "created_at": "2025-03-06T02:32:41.698Z",
    "updated_at": "2025-03-06T02:32:41.698Z",
    "college_name": "College of Teacher Education"
  }
},
{
  "model": "dashboards.program",
  "pk": 1,
  "fields": {
    "created_at": "2025-03-06T02:32:58.741Z",
    "updated_at": "2025-04-02T17:00:26.182Z",
    "prog_name": "Bachelor of Science in Information Technology",
    "college": 1
  }
},
{
  "model": "dashboards.program",
  "pk": 2,
  "fields": {
    "created_at": "2025-03-06T02:33:54.804Z",
    "updated_at": "2025-03-06T02:33:54.804Z",
    "prog_name": "Bachelor of Science in Computer Science",
    "college": 1
  }
},
{
  "model": "dashboards.organization",
  "pk": 1,
  "fields": {
    "created_at": "2025-03-06T02:33:10.317Z",
    "updated_at": "2025-04-02T23:01:42.126Z",
    "name": "SITE",
    "college": 1,
    "description": "SITE Knights"
  }
},
{
  "model": "dashboards.organization",
  "pk": 2,
  "fields": {
    "created_at": "2025-03-06T02:34:08.784Z",
    "updated_at": "2025-03-06T02:34:08.784Z",
    "name": "ACS",
    "college": 1,
    "description": "Aliens"
  }
},
{
  "model": "dashboards.organization",
  "pk": 3,
  "fields": {
    "created_at": "2025-03-06T02:35:27.179Z",
    "updated_at": "2025-03-06T02:35:27.179Z",
    "name": "Skill Officer",
    "college": 3,
    "description": "Course serious enter difficult represent."
  }
},
{
  "model": "dashboards.organization",
  "pk": 4,
  "fields": {
    "created_at": "2025-03-06T02:35:27.182Z",
    "updated_at": "2025-03-06T02:35:27.182Z",
    "name": "Brother Determine",
    "college": 4,
    "description": "Remain lose much body ready."
  }
},
{
  "model": "dashboards.organization",
  "pk": 5,
  "fields": {
    "created_at": "2025-03-06T02:35:27.184Z",
    "updated_at": "2025-03-06T02:35:27.184Z",
    "name": "Figure Expect",
    "college": 4,
    "description": "Resource never whom course discuss same live."
  }
},
{
  "model": "dashboards.organization",
  "pk": 8,
  "fields": {
    "created_at": "2025-03-06T02:35:27.191Z",
    "updated_at": "2025-03-06T02:35:27.191Z",
    "name": "Responsibility Force",
    "college": 6,
    "description": "Purpose return bring member but."
  }
},
{
  "model": "dashboards.organization",
  "pk": 9,
  "fields": {
    "created_at": "2025-03-06T02:35:27.193Z",
    "updated_at": "2025-03-06T02:35:27.193Z",
    "name": "Drive Check",
    "college": 1,
    "description": "Along trial shoulder later."
  }
},
{
  "model": "dashboards.organization",
  "pk": 10,
  "fields": {
    "created_at": "2025-03-06T02:35:27.195Z",
    "updated_at": "2025-03-06T02:35:27.195Z",
    "name": "Huge Impact",
    "college": 4,
    "description": "Several fund husband myself chance."
  }
},
{
  "model": "dashboards.organization",
  "pk": 12,
  "fields": {
    "created_at": "2025-03-06T02:35:27.200Z",
    "updated_at": "2025-03-06T02:35:27.200Z",
    "name": "Wrong Spend",
    "college": 6,
    "description": "Boy you themselves book good theory history."
  }
},
{
  "model": "dashboards.student",
  "pk": 1,
  "fields": {
    "created_at": "2025-03-06T02:32:59.967Z",
    "updated_at": "2025-04-02T15:31:34.103Z",
    "student_id": "2022100217bt",
    "lastname": "Juanzo",
    "firstname": "Giana",
    "middlename": "Deypuyart",
    "program": 1
  }
},
{
  "model": "dashboards.student",
  "pk": 2,
  "fields": {
    "created_at": "2025-03-06T02:33:58.170Z",
    "updated_at": "2025-03-06T02:33:58.170Z",
    "student_id": "202280007",
    "lastname": "Santos",
    "firstname": "Mark Vincent",
    "middlename": "Esquillo",
    "program": 2
  }
},
{
  "model": "dashboards.student",
  "pk": 3,
  "fields": {
    "created_at": "2025-03-06T02:35:27.281Z",
    "updated_at": "2025-03-06T02:35:27.281Z",
    "student_id": "2022-6-13",
    "lastname": "Rogers",
    "firstname": "Mark",
    "middlename": null,
    "program": 2
  }
},
{
  "model": "dashboards.student",
  "pk": 4,
  "fields": {
    "created_at": "2025-03-06T02:35:27.284Z",
    "updated_at": "2025-03-06T02:35:27.284Z",
    "student_id": "2022-2-1864",
    "lastname": "Herrera",
    "firstname": "John",
    "middlename": null,
    "program": 1
  }
},
{
  "model": "dashboards.student",
  "pk": 5,
  "fields": {
    "created_at": "2025-03-06T02:35:27.287Z",
    "updated_at": "2025-03-06T02:35:27.287Z",
    "student_id": "2022-4-8535",
    "lastname": "Rogers",
    "firstname": "Shaun",
    "middlename": null,
    "program": 2
  }
},
{
  "model": "dashboards.student",
  "pk": 6,
  "fields": {
    "created_at": "2025-03-06T02:35:27.289Z",
    "updated_at": "2025-03-06T02:35:27.289Z",
    "student_id": "2020-2-1968",
    "lastname": "Johnson",
    "firstname": "Leslie",
    "middlename": null,
    "program": 2
  }
},
{
  "model": "dashboards.student",
  "pk": 7,
  "fields": {
    "created_at": "2025-03-06T02:35:27.291Z",
    "updated_at": "2025-03-06T02:35:27.291Z",
    "student_id": "2024-8-1579",
    "lastname": "Williams",
    "firstname": "Christopher",
    "middlename": null,
    "program": 1
  }
},
{
  "model": "dashboards.student",
  "pk": 8,
  "fields": {
    "created_at": "2025-03-06T02:35:27.294Z",
    "updated_at": "2025-03-06T02:35:27.294Z",
    "student_id": "2020-5-9400",
    "lastname": "Odonnell",
    "firstname": "Margaret",
    "middlename": null,
    "program": 1
  }
},
{
  "model": "dashboards.student",
  "pk": 9,
  "fields": {
    "created_at": "2025-03-06T02:35:27.297Z",
    "updated_at": "2025-03-06T02:35:27.297Z",
    "student_id": "2022-8-1702",
    "lastname": "Foster",
    "firstname": "Sarah",
    "middlename": null,
    "program": 2
  }
},
{
  "model": "dashboards.student",
  "pk": 10,
  "fields": {
    "created_at": "2025-03-06T02:35:27.300Z",
    "updated_at": "2025-03-06T02:35:27.300Z",
    "student_id": "2021-2-4371",
    "lastname": "Gomez",
    "firstname": "Derek",
    "middlename": null,
    "program": 1
  }
},
{
  "model": "dashboards.student",
  "pk": 11,
  "fields": {
    "created_at": "2025-03-06T02:35:27.302Z",
    "updated_at": "2025-03-06T02:35:27.302Z",
    "student_id": "2021-7-1539",
    "lastname": "Ramirez",
    "firstname": "Amber",
    "middlename": null,
    "program": 2
  }
},
{
  "model": "dashboards.student",
  "pk": 12,
  "fields": {
    "created_at": "2025-03-06T02:35:27.305Z",
    "updated_at": "2025-03-06T02:35:27.305Z",
    "student_id": "2022-1-3770",
    "lastname": "Joyce",
    "firstname": "Shelley",
    "middlename": null,
    "program": 2
  }
},
{
  "model": "dashboards.student",
  "pk": 13,
  "fields": {
    "created_at": "2025-03-06T02:35:27.307Z",
    "updated_at": "2025-03-06T02:35:27.307Z",
    "student_id": "2021-6-3062",
    "lastname": "Garcia",
    "firstname": "Darlene",
    "middlename": null,
    "program": 1
  }
},
{
  "model": "dashboards.student",
  "pk": 14,
  "fields": {
    "created_at": "2025-03-06T02:35:27.309Z",
    "updated_at": "2025-03-06T02:35:27.309Z",
    "student_id": "2023-2-933",
    "lastname": "Moreno",
    "firstname": "Bryan",
    "middlename": null,
    "program": 1
  }
},
{
  "model": "dashboards.student",
  "pk": 15,
  "fields": {
    "created_at": "2025-03-06T02:35:27.311Z",
    "updated_at": "2025-03-06T02:35:27.311Z",
    "student_id": "2023-4-7695",
    "lastname": "Moore",
    "firstname": "Kimberly",
    "middlename": null,
    "program": 1
  }
},
{
  "model": "dashboards.student",
  "pk": 16,
  "fields": {
    "created_at": "2025-03-06T02:35:27.314Z",
    "updated_at": "2025-03-06T02:35:27.314Z",
    "student_id": "2020-5-9578",
    "lastname": "Edwards",
    "firstname": "David",
    "middlename": null,
    "program": 2
  }
},
{
  "model": "dashboards.student",
  "pk": 17,
  "fields": {
    "created_at": "2025-03-06T02:35:27.316Z",
    "updated_at": "2025-03-06T02:35:27.316Z",
    "student_id": "2023-3-733",
    "lastname": "Gray",
    "firstname": "David",
    "middlename": null,
    "program": 2
  }
},
{
  "model": "dashboards.student",
  "pk": 18,
  "fields": {
    "created_at": "2025-03-06T02:35:27.318Z",
    "updated_at": "2025-03-06T02:35:27.318Z",
    "student_id": "2023-7-1812",
    "lastname": "Hayes",
    "firstname": "Michael",
    "middlename": null,
    "program": 2
  }
},
{
  "model": "dashboards.student",
  "pk": 19,
  "fields": {
    "created_at": "2025-03-06T02:35:27.321Z",
    "updated_at": "2025-03-06T02:35:27.321Z",
    "student_id": "2021-6-2760",
    "lastname": "Johnson",
    "firstname": "Donna",
    "middlename": null,
    "program": 2
  }
},
{
  "model": "dashboards.student",
  "pk": 20,
  "fields": {
    "created_at": "2025-03-06T02:35:27.324Z",
    "updated_at": "2025-03-06T02:35:27.324Z",
    "student_id": "2022-8-58",
    "lastname": "Castro",
    "firstname": "John",
    "middlename": null,
    "program": 1
  }
},
{
  "model": "dashboards.student",
  "pk": 21,
  "fields": {
    "created_at": "2025-03-06T02:35:27.326Z",
    "updated_at": "2025-03-06T02:35:27.326Z",
    "student_id": "2021-2-827",
    "lastname": "Scott",
    "firstname": "William",
    "middlename": null,
    "program": 1
  }
},
{
  "model": "dashboards.student",
  "pk": 22,
  "fields": {
    "created_at": "2025-03-06T02:35:27.329Z",
    "updated_at": "2025-03-06T02:35:27.329Z",
    "student_id": "2024-6-2283",
    "lastname": "Peterson",
    "firstname": "Daniel",
    "middlename": null,
    "program": 1
  }
},
{
  "model": "dashboards.student",
  "pk": 23,
  "fields": {
    "created_at": "2025-03-06T02:35:27.331Z",
    "updated_at": "2025-03-06T02:35:27.331Z",
    "student_id": "2020-2-9396",
    "lastname": "Anderson",
    "firstname": "Adrienne",
    "middlename": null,
    "program": 1
  }
},
{
  "model": "dashboards.student",
  "pk": 24,
  "fields": {
    "created_at": "2025-03-06T02:35:27.333Z",
    "updated_at": "2025-03-06T02:35:27.333Z",
    "student_id": "2022-1-6975",
    "lastname": "Smith",
    "firstname": "Curtis",
    "middlename": null,
    "program": 2
  }
},
{
  "model": "dashboards.student",
  "pk": 25,
  "fields": {
    "created_at": "2025-03-06T02:35:27.336Z",
    "updated_at": "2025-03-06T02:35:27.336Z",
    "student_id": "2021-2-334",
    "lastname": "Thomas",
    "firstname": "Karen",
    "middlename": null,
    "program": 2
  }
},
{
  "model": "dashboards.student",
  "pk": 26,
  "fields": {
    "created_at": "2025-03-06T02:35:27.338Z",
    "updated_at": "2025-03-06T02:35:27.338Z",
    "student_id": "2021-4-3988",
    "lastname": "Hall",
    "firstname": "Alexis",
    "middlename": null,
    "program": 1
  }
},
{
  "model": "dashboards.student",
  "pk": 27,
  "fields": {
    "created_at": "2025-03-06T02:35:27.340Z",
    "updated_at": "2025-03-06T02:35:27.340Z",
    "student_id": "2023-4-5979",
    "lastname": "Gay",
    "firstname": "Susan",
    "middlename": null,
    "program": 1
  }
},
{
  "model": "dashboards.student",
  "pk": 28,
  "fields": {
    "created_at": "2025-03-06T02:35:27.343Z",
    "updated_at": "2025-03-06T02:35:27.343Z",
    "student_id": "2022-1-9439",
    "lastname": "Scott",
    "firstname": "Amy",
    "middlename": null,
    "program": 1
  }
},
{
  "model": "dashboards.student",
  "pk": 29,
  "fields": {
    "created_at": "2025-03-06T02:35:27.346Z",
    "updated_at": "2025-03-06T02:35:27.346Z",
    "student_id": "2023-4-9607",
    "lastname": "Lang",
    "firstname": "Patrick",
    "middlename": null,
    "program": 2
  }
},
{
  "model": "dashboards.student",
  "pk": 30,
  "fields": {
    "created_at": "2025-03-06T02:35:27.348Z",
    "updated_at": "2025-03-06T02:35:27.348Z",
    "student_id": "2021-8-4694",
    "lastname": "Petty",
    "firstname": "Miguel",
    "middlename": null,
    "program": 1
  }
},
{
  "model": "dashboards.student",
  "pk": 31,
  "fields": {
    "created_at": "2025-03-06T02:35:27.352Z",
    "updated_at": "2025-03-06T02:35:27.352Z",
    "student_id": "2021-1-6144",
    "lastname": "Goodman",
    "firstname": "Andrew",
    "middlename": null,
    "program": 2
  }
},
{
  "model": "dashboards.student",
  "pk": 32,
  "fields": {
    "created_at": "2025-03-06T02:35:27.354Z",
    "updated_at": "2025-03-06T02:35:27.354Z",
    "student_id": "2020-8-316",
    "lastname": "Coleman",
    "firstname": "William",
    "middlename": null,
    "program": 2
  }
},
{
  "model": "dashboards.student",
  "pk": 33,
  "fields": {
    "created_at": "2025-03-06T02:35:27.357Z",
    "updated_at": "2025-03-06T02:35:27.357Z",
    "student_id": "2020-7-946",
    "lastname": "Higgins",
    "firstname": "Andrew",
    "middlename": null,
    "program": 1
  }
},
{
  "model": "dashboards.student",
  "pk": 34,
  "fields": {
    "created_at": "2025-03-06T02:35:27.359Z",
    "updated_at": "2025-03-06T02:35:27.359Z",
    "student_id": "2024-8-1296",
    "lastname": "Boyer",
    "firstname": "Matthew",
    "middlename": null,
    "program": 2
  }
},
{
  "model": "dashboards.student",
  "pk": 35,
  "fields": {
    "created_at": "2025-03-06T02:35:27.361Z",
    "updated_at": "2025-03-06T02:35:27.361Z",
    "student_id": "2021-6-6064",
    "lastname": "Blanchard",
    "firstname": "Crystal",
    "middlename": null,
    "program": 1
  }
},
{
  "model": "dashboards.student",
  "pk": 36,
  "fields": {
    "created_at": "2025-03-06T02:35:27.363Z",
    "updated_at": "2025-03-06T02:35:27.363Z",
    "student_id": "2023-5-3174",
    "lastname": "Martinez",
    "firstname": "Karen",
    "middlename": null,
    "program": 1
  }
},
{
  "model": "dashboards.student",
  "pk": 37,
  "fields": {
    "created_at": "2025-03-06T02:35:27.366Z",
    "updated_at": "2025-03-06T02:35:27.366Z",
    "student_id": "2020-1-1034",
    "lastname": "Malone",
    "firstname": "Donna",
    "middlename": null,
    "program": 1
  }
},
{
  "model": "dashboards.student",
  "pk": 38,
  "fields": {
    "created_at": "2025-03-06T02:35:27.368Z",
    "updated_at": "2025-03-06T02:35:27.368Z",
    "student_id": "2020-1-5157",
    "lastname": "Jones",
    "firstname": "Charles",
    "middlename": null,
    "program": 2
  }
},
{
  "model": "dashboards.student",
  "pk": 39,
  "fields": {
    "created_at": "2025-03-06T02:35:27.371Z",
    "updated_at": "2025-03-06T02:35:27.371Z",
    "student_id": "2024-2-1153",
    "lastname": "Brown",
    "firstname": "Derek",
    "middlename": null,
    "program": 1
  }
},
{
  "model": "dashboards.student",
  "pk": 40,
  "fields": {
    "created_at": "2025-03-06T02:35:27.374Z",
    "updated_at": "2025-03-06T02:35:27.374Z",
    "student_id": "2021-6-2545",
    "lastname": "Reed",
    "firstname": "Katherine",
    "middlename": null,
    "program": 1
  }
},
{
  "model": "dashboards.student",
  "pk": 41,
  "fields": {
    "created_at": "2025-03-06T02:35:27.377Z",
    "updated_at": "2025-03-06T02:35:27.377Z",
    "student_id": "2022-8-7951",
    "lastname": "Miller",
    "firstname": "Brian",
    "middlename": null,
    "program": 2
  }
},
{
  "model": "dashboards.student",
  "pk": 42,
  "fields": {
    "created_at": "2025-03-06T02:35:27.379Z",
    "updated_at": "2025-03-06T02:35:27.379Z",
    "student_id": "2022-6-2215",
    "lastname": "Rodriguez",
    "firstname": "Cameron",
    "middlename": null,
    "program": 2
  }
},
{
  "model": "dashboards.student",
  "pk": 43,
  "fields": {
    "created_at": "2025-03-06T02:35:27.382Z",
    "updated_at": "2025-03-06T02:35:27.382Z",
    "student_id": "2024-4-7773",
    "lastname": "Pena",
    "firstname": "Mary",
    "middlename": null,
    "program": 1
  }
},
{
  "model": "dashboards.student",
  "pk": 44,
  "fields": {
    "created_at": "2025-03-06T02:35:27.384Z",
    "updated_at": "2025-03-06T02:35:27.384Z",
    "student_id": "2024-3-9776",
    "lastname": "Williams",
    "firstname": "Megan",
    "middlename": null,
    "program": 1
  }
},
{
  "model": "dashboards.student",
  "pk": 45,
  "fields": {
    "created_at": "2025-03-06T02:35:27.387Z",
    "updated_at": "2025-03-06T02:35:27.387Z",
    "student_id": "2020-8-6904",
    "lastname": "Trujillo",
    "firstname": "Jeremy",
    "middlename": null,
    "program": 2
  }
},
{
  "model": "dashboards.student",
  "pk": 46,
  "fields": {
    "created_at": "2025-03-06T02:35:27.389Z",
    "updated_at": "2025-03-06T02:35:27.389Z",
    "student_id": "2021-7-1492",
    "lastname": "Blair",
    "firstname": "Valerie",
    "middlename": null,
    "program": 2
  }
},
{
  "model": "dashboards.student",
  "pk": 47,
  "fields": {
    "created_at": "2025-03-06T02:35:27.391Z",
    "updated_at": "2025-03-06T02:35:27.391Z",
    "student_id": "2021-7-4155",
    "lastname": "Christian",
    "firstname": "Walter",
    "middlename": null,
    "program": 2
  }
},
{
  "model": "dashboards.student",
  "pk": 48,
  "fields": {
    "created_at": "2025-03-06T02:35:27.395Z",
    "updated_at": "2025-03-06T02:35:27.395Z",
    "student_id": "2022-3-5856",
    "lastname": "Moore",
    "firstname": "Samantha",
    "middlename": null,
    "program": 1
  }
},
{
  "model": "dashboards.student",
  "pk": 49,
  "fields": {
    "created_at": "2025-03-06T02:35:27.397Z",
    "updated_at": "2025-03-06T02:35:27.397Z",
    "student_id": "2024-4-1344",
    "lastname": "Gilbert",
    "firstname": "Mindy",
    "middlename": null,
    "program": 1
  }
},
{
  "model": "dashboards.student",
  "pk": 50,
  "fields": {
    "created_at": "2025-03-06T02:35:27.400Z",
    "updated_at": "2025-03-06T02:35:27.400Z",
    "student_id": "2023-5-6727",
    "lastname": "Huber",
    "firstname": "Brian",
    "middlename": null,
    "program": 2
  }
},
{
  "model": "dashboards.student",
  "pk": 51,
  "fields": {
    "created_at": "2025-03-06T02:35:27.402Z",
    "updated_at": "2025-03-06T02:35:27.402Z",
    "student_id": "2020-4-9924",
    "lastname": "Wilson",
    "firstname": "Kimberly",
    "middlename": null,
    "program": 2
  }
},
{
  "model": "dashboards.student",
  "pk": 52,
  "fields": {
    "created_at": "2025-03-06T02:35:27.405Z",
    "updated_at": "2025-03-06T02:35:27.405Z",
    "student_id": "2020-5-328",
    "lastname": "Harvey",
    "firstname": "Kimberly",
    "middlename": null,
    "program": 1
  }
},
{
  "model": "dashboards.orgmember",
  "pk": 1,
  "fields": {
    "created_at": "2025-03-06T02:33:14.256Z",
    "updated_at": "2025-03-06T02:33:14.256Z",
    "student": 1,
    "organization": 1,
    "date_joined": "2025-03-06"
  }
},
{
  "model": "dashboards.orgmember",
  "pk": 2,
  "fields": {
    "created_at": "2025-03-06T02:34:11.245Z",
    "updated_at": "2025-03-06T02:34:11.245Z",
    "student": 2,
    "organization": 2,
    "date_joined": "2025-03-06"
  }
},
{
  "model": "dashboards.orgmember",
  "pk": 3,
  "fields": {
    "created_at": "2025-03-06T02:35:27.409Z",
    "updated_at": "2025-03-06T02:35:27.409Z",
    "student": 51,
    "organization": 2,
    "date_joined": "2023-12-12"
  }
},
{
  "model": "dashboards.orgmember",
  "pk": 4,
  "fields": {
    "created_at": "2025-03-06T02:35:27.412Z",
    "updated_at": "2025-03-06T02:35:27.412Z",
    "student": 5,
    "organization": 9,
    "date_joined": "2023-05-06"
  }
},
{
  "model": "dashboards.orgmember",
  "pk": 5,
  "fields": {
    "created_at": "2025-03-06T02:35:27.415Z",
    "updated_at": "2025-03-06T02:35:27.415Z",
    "student": 23,
    "organization": 5,
    "date_joined": "2023-08-27"
  }
},
{
  "model": "dashboards.orgmember",
  "pk": 7,
  "fields": {
    "created_at": "2025-03-06T02:35:27.420Z",
    "updated_at": "2025-03-06T02:35:27.420Z",
    "student": 22,
    "organization": 10,
    "date_joined": "2023-07-29"
  }
},
{
  "model": "dashboards.orgmember",
  "pk": 9,
  "fields": {
    "created_at": "2025-03-06T02:35:27.426Z",
    "updated_at": "2025-03-06T02:35:27.426Z",
    "student": 48,
    "organization": 5,
    "date_joined": "2025-02-10"
  }
},
{
  "model": "dashboards.orgmember",
  "pk": 10,
  "fields": {
    "created_at": "2025-03-06T02:35:27.430Z",
    "updated_at": "2025-03-06T02:35:27.430Z",
    "student": 18,
    "organization": 10,
    "date_joined": "2024-05-26"
  }
},
{
  "model": "dashboards.orgmember",
  "pk": 11,
  "fields": {
    "created_at": "2025-03-06T02:35:27.436Z",
    "updated_at": "2025-03-06T02:35:27.437Z",
    "student": 40,
    "organization": 1,
    "date_joined": "2024-06-13"
  }
},
{
  "model": "dashboards.orgmember",
  "pk": 12,
  "fields": {
    "created_at": "2025-03-06T02:35:27.440Z",
    "updated_at": "2025-03-06T02:35:27.440Z",
    "student": 10,
    "organization": 8,
    "date_joined": "2024-07-04"
  }
}
]
